<MissionPackageManifest version="2">
   <Configuration>
      <Parameter name="uid" value="ApolloFaceID-10VIP"/>
      <Parameter name="name" value="ApolloFaceID-model"/>
      <Parameter name="onReceiveDelete" value="false"/>
   </Configuration>
   <Contents>
      <Content ignore="false" zipEntry="info"/>
      <Content ignore="false" zipEntry="model"/>
      <Content ignore="false" zipEntry="label"/>
      <Content ignore="false" zipEntry="profiles"/>
   </Contents>
</MissionPackageManifest>
