<MissionPackageManifest version="2">
   <Configuration>
      <Parameter name="uid" value="ApolloSpeakerID-10VIP"/>
      <Parameter name="name" value="ApolloSpeakerID-model"/>
      <Parameter name="onReceiveDelete" value="false"/>
   </Configuration>
   <Contents>
      <Content ignore="false" zipEntry="info"/>
      <Content ignore="false" zipEntry="svm_vosk"/>
      <Content ignore="false" zipEntry="meta_vosk"/>
      <Content ignore="false" zipEntry="profiles"/>
   </Contents>
</MissionPackageManifest>
